Workbook

Sheet 0-255
A1: Region | B1: R | C1: G | D1: B
A2: DG | B2: 235 | C2: 172 | D2: 35
A3: CA1 | B3: 0 | C3: 187 | D3: 173
A4: CA2 | B4: 184 | C4: 0 | D4: 88
A5: CA3 | B5: 0 | C5: 140 | D5: 249
A6: DG interneurons | B6: 0 | C6: 110 | D6: 0
A7: astrocytes | B7: 209 | C7: 99 | D7: 230
A8: endothelial | B8: 178 | C8: 69 | D8: 2
A9: microglia | B9: 255 | C9: 146 | D9: 135
A10: neurons | B10: 89 | C10: 84 | D10: 214
A11: oligodendrocytes | B11: 0 | C11: 198 | D11: 248

Sheet 0-1
A1: Region | B1: R | C1: G | D1: B
A2: DG | B2: =('0-255'!B2/255) -> 0.92156863 | C2: =('0-255'!C2/255) -> 0.6745098 | D2: =('0-255'!D2/255) -> 0.1372549
A3: CA1 | B3: =('0-255'!B3/255) -> 0 | C3: =('0-255'!C3/255) -> 0.73333333 | D3: =('0-255'!D3/255) -> 0.67843137
A4: CA2 | B4: =('0-255'!B4/255) -> 0.72156863 | C4: =('0-255'!C4/255) -> 0 | D4: =('0-255'!D4/255) -> 0.34509804
A5: CA3 | B5: =('0-255'!B5/255) -> 0 | C5: =('0-255'!C5/255) -> 0.54901961 | D5: =('0-255'!D5/255) -> 0.97647059
A6: DG interneurons | B6: =('0-255'!B6/255) -> 0 | C6: =('0-255'!C6/255) -> 0.43137255 | D6: =('0-255'!D6/255) -> 0
A7: astrocytes | B7: =('0-255'!B7/255) -> 0.81960784 | C7: =('0-255'!C7/255) -> 0.38823529 | D7: =('0-255'!D7/255) -> 0.90196078
A8: endothelial | B8: =('0-255'!B8/255) -> 0.69803922 | C8: =('0-255'!C8/255) -> 0.27058824 | D8: =('0-255'!D8/255) -> 0.0078431373
A9: microglia | B9: =('0-255'!B9/255) -> 1 | C9: =('0-255'!C9/255) -> 0.57254902 | D9: =('0-255'!D9/255) -> 0.52941176
A10: neurons | B10: =('0-255'!B10/255) -> 0.34901961 | C10: =('0-255'!C10/255) -> 0.32941176 | D10: =('0-255'!D10/255) -> 0.83921569
A11: oligodendrocytes | B11: =('0-255'!B11/255) -> 0 | C11: =('0-255'!C11/255) -> 0.77647059 | D11: =('0-255'!D11/255) -> 0.97254902

Sheet hex
A1: Region | B1: hex
A2: DG | B2: #ebac23
A3: CA1 | B3: #00bbad
A4: CA2 | B4: #b80058
A5: CA3 | B5: #008cf9
A6: DG interneurons | B6: #006e00
A7: astrocytes | B7: #d163e6
A8: endothelial | B8: #b24502
A9: microglia | B9: #ff9287
A10: neurons | B10: #5954d6
A11: oligodendrocytes | B11: #00c6f8
